{
    "ItemGiverChained": [
    ],
    "TransportData": [
    ],
    "FactionData": [
        {
            "Points": 2000,
            "Faction": 0
        }
    ],
    "BankData": [
    ],
    "ItemGiversList": [
        {
            "Long": 1641748079240L,
            "Slot": 1
        },
        {
            "Long": 1643120459852L,
            "Slot": 50
        },
        {
            "Long": 1644331579583L,
            "Slot": 66
        },
        {
            "Long": 1643122405435L,
            "Slot": 52
        },
        {
            "Long": 1644330913503L,
            "Slot": 88
        },
        {
            "Long": 1643124347467L,
            "Slot": 57
        },
        {
            "Long": 1643123181263L,
            "Slot": 43
        },
        {
            "Long": 1643124447288L,
            "Slot": 46
        },
        {
            "Long": 1644330981403L,
            "Slot": 31
        }
    ],
    "MailData": [
    ],
    "PlayerName": "KidsLabDe",
    "QuestData": {
        "CompletedQuests": [
        ],
        "ActiveQuests": [
        ]
    },
    "UUID": "2e1995c8-6474-4672-a42c-69f5b14b5409",
    "PlayerCompanionId": 0,
    "DialogData": [
    ]
}
