{
    "ItemGiverChained": [
    ],
    "TransportData": [
    ],
    "FactionData": [
        {
            "Points": 2000,
            "Faction": 0
        }
    ],
    "BankData": [
    ],
    "ItemGiversList": [
        {
            "Long": 1644331077852L,
            "Slot": 32
        },
        {
            "Long": 1641747717740L,
            "Slot": 1
        },
        {
            "Long": 1642182385590L,
            "Slot": 18
        },
        {
            "Long": 1643124343114L,
            "Slot": 52
        },
        {
            "Long": 1642195099658L,
            "Slot": 21
        },
        {
            "Long": 1644308213427L,
            "Slot": 24
        },
        {
            "Long": 1642084580033L,
            "Slot": 41
        },
        {
            "Long": 1644327691879L,
            "Slot": 43
        },
        {
            "Long": 1644308495689L,
            "Slot": 59
        },
        {
            "Long": 1644327750304L,
            "Slot": 60
        },
        {
            "Long": 1644227427200L,
            "Slot": 46
        }
    ],
    "MailData": [
    ],
    "PlayerName": "KingBBQ42",
    "QuestData": {
        "CompletedQuests": [
        ],
        "ActiveQuests": [
        ]
    },
    "UUID": "ad30957d-9cf3-415f-9c73-7941c821a8e0",
    "PlayerCompanionId": 0,
    "DialogData": [
    ]
}
