{"stat.useItem.minecraft.brick_stairs":11,"stat.useItem.minecraft.quartz_block":1627,"stat.useItem.minecraft.repeater":13,"stat.leaveGame":144,"stat.killEntity.Ozelot":4,"stat.useItem.minecraft.glowstone":3,"stat.mineBlock.minecraft.sandstone":22,"stat.swimOneCm":25184,"stat.useItem.minecraft.planks":55,"stat.climbOneCm":3938,"stat.enderchestOpened":4,"stat.useItem.minecraft.obsidian":10,"stat.useItem.minecraft.dirt":69,"achievement.exploreAllBiomes":{"value":0,"progress":["Plains"]},"stat.useItem.minecraft.brick_block":339,"stat.flyOneCm":45179739,"stat.timeSinceDeath":46828,"stat.useItem.minecraft.sign":223,"stat.useItem.minecraft.spawn_egg":15,"stat.useItem.minecraft.wooden_slab":18,"stat.useItem.minecraft.iron_door":8,"stat.useItem.minecraft.noteblock":20,"stat.useItem.minecraft.lever":43,"stat.useItem.minecraft.oak_stairs":43,"stat.useItem.minecraft.redstone":264,"stat.useItem.minecraft.sea_lantern":22,"stat.useItem.minecraft.red_sandstone":18,"stat.useItem.minecraft.written_book":4,"achievement.mineWood":9,"stat.sprintOneCm":2858152,"stat.useItem.minecraft.stained_glass":408,"stat.useItem.minecraft.diamond_block":50,"stat.useItem.minecraft.fence":8,"stat.useItem.minecraft.stone_stairs":3,"stat.useItem.minecraft.stone_slab":42,"achievement.openInventory":1646,"stat.useItem.minecraft.flint_and_steel":21,"stat.useItem.minecraft.stone_pressure_plate":70,"stat.useItem.minecraft.diamond_pickaxe":36,"stat.deaths":19,"stat.drop":87,"stat.playOneMinute":4180593,"stat.mineBlock.minecraft.stone_pressure_plate":1,"stat.useItem.minecraft.banner":6,"stat.killEntity.Sheep":1,"stat.useItem.minecraft.nether_brick":83,"stat.useItem.minecraft.ladder":5,"stat.diveOneCm":1951,"stat.chestOpened":167,"stat.useItem.minecraft.sticky_piston":11,"stat.useItem.minecraft.stone":203,"stat.useItem.minecraft.quartz_stairs":76,"stat.useItem.minecraft.sponge":6,"stat.useItem.minecraft.ender_chest":4,"stat.useItem.minecraft.potion":7,"stat.useItem.minecraft.stained_glass_pane":167,"stat.useItem.minecraft.packed_ice":4,"stat.useItem.minecraft.bedrock":135,"stat.jump":10318,"stat.useItem.minecraft.iron_trapdoor":4,"stat.useItem.minecraft.sand":42,"stat.fallOneCm":120373,"stat.useItem.minecraft.piston":4,"stat.crouchOneCm":235655,"stat.useItem.minecraft.nether_brick_fence":14,"stat.useItem.minecraft.stone_button":91,"stat.mineBlock.minecraft.lever":1,"stat.useItem.minecraft.light_weighted_pressure_plate":26,"stat.useItem.minecraft.emerald_ore":13,"stat.useItem.minecraft.glass":359,"stat.useItem.minecraft.sapling":55,"stat.useItem.minecraft.redstone_lamp":9,"stat.damageTaken":1830,"stat.useItem.minecraft.dark_oak_fence":2,"stat.useItem.minecraft.stone_brick_stairs":9,"stat.useItem.minecraft.gold_block":19,"stat.useItem.minecraft.carrot_on_a_stick":1136,"stat.noteblockTuned":21,"stat.useItem.minecraft.birch_fence":3,"stat.damageDealt":570,"stat.useItem.minecraft.wool":38,"stat.useItem.minecraft.iron_bars":2,"stat.useItem.minecraft.command_block":484,"stat.walkOneCm":5474661,"stat.useItem.minecraft.torch":14,"stat.useItem.minecraft.chest":91,"stat.useItem.minecraft.log":109,"stat.useItem.minecraft.comparator":9,"stat.useItem.minecraft.cobblestone":4,"stat.useItem.minecraft.emerald_block":51,"stat.useItem.minecraft.redstone_block":126,"stat.useItem.minecraft.item_frame":48,"stat.useItem.minecraft.stained_hardened_clay":473,"stat.useItem.minecraft.leaves":1,"stat.useItem.minecraft.redstone_ore":75,"stat.useItem.minecraft.glass_pane":102,"stat.useItem.minecraft.prismarine":2,"stat.useItem.minecraft.birch_door":1,"stat.useItem.minecraft.iron_block":14,"stat.useItem.minecraft.wooden_pressure_plate":20,"stat.mobKills":5,"stat.useItem.minecraft.stonebrick":604,"stat.useItem.minecraft.cobblestone_wall":48,"stat.useItem.minecraft.wooden_axe":11,"stat.useItem.minecraft.sandstone":114}