{"stat.chestOpened":3,"stat.useItem.minecraft.command_block":18,"stat.walkOneCm":429293,"stat.useItem.minecraft.torch":12,"stat.useItem.minecraft.chest":2,"stat.useItem.minecraft.stone":25,"stat.leaveGame":3,"stat.useItem.minecraft.glowstone":1,"stat.useItem.minecraft.bedrock":81,"stat.jump":750,"stat.swimOneCm":1681,"stat.fallOneCm":7060,"stat.climbOneCm":12647,"stat.useItem.minecraft.planks":16,"stat.useItem.minecraft.item_frame":18,"stat.crouchOneCm":10605,"stat.enderchestOpened":1,"achievement.mineWood":1,"stat.useItem.minecraft.dirt":70,"stat.useItem.minecraft.stone_button":6,"stat.sprintOneCm":95021,"stat.useItem.minecraft.light_weighted_pressure_plate":4,"achievement.exploreAllBiomes":{"value":0,"progress":["Plains"]},"stat.useItem.minecraft.fence":17,"stat.useItem.minecraft.glass":201,"stat.useItem.minecraft.stone_slab":1,"stat.useItem.minecraft.sandstone_stairs":2,"achievement.openInventory":170,"stat.useItem.minecraft.barrier":54,"stat.damageTaken":160,"stat.useItem.minecraft.stone_pressure_plate":6,"stat.useItem.minecraft.carrot_on_a_stick":55,"stat.useItem.minecraft.brick_block":11,"stat.flyOneCm":2184806,"stat.deaths":1,"stat.drop":9,"stat.playOneMinute":245134,"stat.useItem.minecraft.ladder":32,"stat.timeSinceDeath":151557,"stat.useItem.minecraft.sign":1,"stat.diveOneCm":2934,"stat.useItem.minecraft.sandstone":18}