{
    "ItemGiverChained": [
    ],
    "TransportData": [
    ],
    "FactionData": [
        {
            "Points": 2000,
            "Faction": 0
        }
    ],
    "BankData": [
    ],
    "ItemGiversList": [
        {
            "Long": 1712061357669L,
            "Slot": 42
        }
    ],
    "MailData": [
    ],
    "PlayerName": "Kaesekuchen3333",
    "QuestData": {
        "CompletedQuests": [
        ],
        "ActiveQuests": [
        ]
    },
    "UUID": "016fa062-2486-40a6-ba7d-d7af6a917cbf",
    "PlayerCompanionId": 0,
    "DialogData": [
    ]
}
