{
    "ItemGiverChained": [
    ],
    "TransportData": [
    ],
    "FactionData": [
        {
            "Points": 2000,
            "Faction": 0
        }
    ],
    "BankData": [
    ],
    "ItemGiversList": [
        {
            "Long": 1712141372963L,
            "Slot": 97
        },
        {
            "Long": 1712321655596L,
            "Slot": 84
        },
        {
            "Long": 1712147844520L,
            "Slot": 27
        },
        {
            "Long": 1712141333413L,
            "Slot": 31
        }
    ],
    "MailData": [
    ],
    "PlayerName": "BabyYoda044",
    "QuestData": {
        "CompletedQuests": [
        ],
        "ActiveQuests": [
        ]
    },
    "UUID": "0d234872-d7c3-4d1c-950d-f57956667dd3",
    "PlayerCompanionId": 0,
    "DialogData": [
    ]
}
