{
    "ItemGiverChained": [
    ],
    "TransportData": [
    ],
    "FactionData": [
        {
            "Points": 2000,
            "Faction": 0
        }
    ],
    "BankData": [
    ],
    "ItemGiversList": [
        {
            "Long": 1711454840512L,
            "Slot": 20
        },
        {
            "Long": 1711457106414L,
            "Slot": 40
        },
        {
            "Long": 1711373650798L,
            "Slot": 42
        },
        {
            "Long": 1711374614452L,
            "Slot": 28
        },
        {
            "Long": 1711374011452L,
            "Slot": 29
        },
        {
            "Long": 1711451690062L,
            "Slot": 14
        },
        {
            "Long": 1711456392312L,
            "Slot": 30
        },
        {
            "Long": 1711456728314L,
            "Slot": 31
        }
    ],
    "MailData": [
    ],
    "PlayerName": "Nebur9999",
    "QuestData": {
        "CompletedQuests": [
        ],
        "ActiveQuests": [
        ]
    },
    "UUID": "18fea6b1-f8f8-4e8b-b7f2-64d8da870e02",
    "PlayerCompanionId": 0,
    "DialogData": [
    ]
}
