{
    "ItemGiverChained": [
    ],
    "TransportData": [
    ],
    "FactionData": [
        {
            "Points": 2000,
            "Faction": 0
        }
    ],
    "BankData": [
    ],
    "ItemGiversList": [
        {
            "Long": 1711998971598L,
            "Slot": 32
        },
        {
            "Long": 1711999850597L,
            "Slot": 33
        },
        {
            "Long": 1712001163747L,
            "Slot": 52
        },
        {
            "Long": 1711998692997L,
            "Slot": 42
        },
        {
            "Long": 1712000804398L,
            "Slot": 27
        },
        {
            "Long": 1712001139747L,
            "Slot": 59
        },
        {
            "Long": 1712001046997L,
            "Slot": 44
        },
        {
            "Long": 1712000385697L,
            "Slot": 30
        },
        {
            "Long": 1711998812598L,
            "Slot": 31
        }
    ],
    "MailData": [
    ],
    "PlayerName": "Der_Karottenmann",
    "QuestData": {
        "CompletedQuests": [
        ],
        "ActiveQuests": [
        ]
    },
    "UUID": "2761c852-285b-47f4-b1d5-68ebc1f32736",
    "PlayerCompanionId": 0,
    "DialogData": [
    ]
}
