{
    "ItemGiverChained": [
    ],
    "TransportData": [
    ],
    "FactionData": [
        {
            "Points": 2000,
            "Faction": 0
        }
    ],
    "BankData": [
    ],
    "ItemGiversList": [
        {
            "Long": 1711740975197L,
            "Slot": 32
        },
        {
            "Long": 1711992709357L,
            "Slot": 97
        },
        {
            "Long": 1711991086150L,
            "Slot": 98
        },
        {
            "Long": 1711740889197L,
            "Slot": 39
        },
        {
            "Long": 1711991305549L,
            "Slot": 8
        },
        {
            "Long": 1711993040847L,
            "Slot": 42
        },
        {
            "Long": 1711706867797L,
            "Slot": 43
        },
        {
            "Long": 1712062487270L,
            "Slot": 80
        },
        {
            "Long": 1711707031447L,
            "Slot": 50
        },
        {
            "Long": 1711991240848L,
            "Slot": 19
        },
        {
            "Long": 1711462242690L,
            "Slot": 20
        },
        {
            "Long": 1711547439501L,
            "Slot": 52
        },
        {
            "Long": 1711374753150L,
            "Slot": 22
        },
        {
            "Long": 1712061819521L,
            "Slot": 23
        },
        {
            "Long": 1711741029848L,
            "Slot": 24
        },
        {
            "Long": 1711991009549L,
            "Slot": 27
        },
        {
            "Long": 1711992690450L,
            "Slot": 31
        }
    ],
    "MailData": [
    ],
    "PlayerName": "aceshigh149",
    "QuestData": {
        "CompletedQuests": [
        ],
        "ActiveQuests": [
        ]
    },
    "UUID": "284b32bc-3fa9-4838-8d47-dcad96cc2bf6",
    "PlayerCompanionId": 0,
    "DialogData": [
    ]
}
