{
    "ItemGiverChained": [
    ],
    "TransportData": [
    ],
    "FactionData": [
        {
            "Points": 2000,
            "Faction": 0
        }
    ],
    "BankData": [
    ],
    "ItemGiversList": [
        {
            "Long": 1711461060700L,
            "Slot": 97
        },
        {
            "Long": 1711543463737L,
            "Slot": 19
        },
        {
            "Long": 1711547294001L,
            "Slot": 52
        },
        {
            "Long": 1711460218418L,
            "Slot": 7
        },
        {
            "Long": 1711371075324L,
            "Slot": 42
        },
        {
            "Long": 1711374394553L,
            "Slot": 27
        },
        {
            "Long": 1711547067508L,
            "Slot": 43
        }
    ],
    "MailData": [
    ],
    "PlayerName": "TomCheesy",
    "QuestData": {
        "CompletedQuests": [
        ],
        "ActiveQuests": [
        ]
    },
    "UUID": "37983e48-e45e-4201-bb63-a5eacf2653af",
    "PlayerCompanionId": 0,
    "DialogData": [
    ]
}
