{
    "ItemGiverChained": [
    ],
    "TransportData": [
    ],
    "FactionData": [
        {
            "Points": 2000,
            "Faction": 0
        }
    ],
    "BankData": [
    ],
    "ItemGiversList": [
        {
            "Long": 1711373515798L,
            "Slot": 97
        },
        {
            "Long": 1711547594100L,
            "Slot": 50
        },
        {
            "Long": 1712164637161L,
            "Slot": 85
        },
        {
            "Long": 1711378040863L,
            "Slot": 39
        },
        {
            "Long": 1711463136437L,
            "Slot": 23
        },
        {
            "Long": 1711458692915L,
            "Slot": 42
        },
        {
            "Long": 1712163989157L,
            "Slot": 27
        },
        {
            "Long": 1711545443003L,
            "Slot": 43
        },
        {
            "Long": 1711548551000L,
            "Slot": 59
        },
        {
            "Long": 1711458829222L,
            "Slot": 28
        }
    ],
    "MailData": [
    ],
    "PlayerName": "BenH1",
    "QuestData": {
        "CompletedQuests": [
        ],
        "ActiveQuests": [
        ]
    },
    "UUID": "520f4879-3192-411b-a613-bd8b101756b1",
    "PlayerCompanionId": 0,
    "DialogData": [
    ]
}
