{
    "ItemGiverChained": [
    ],
    "TransportData": [
    ],
    "FactionData": [
        {
            "Points": 2000,
            "Faction": 0
        }
    ],
    "BankData": [
    ],
    "ItemGiversList": [
        {
            "Long": 1712060841670L,
            "Slot": 20
        },
        {
            "Long": 1711547987004L,
            "Slot": 52
        },
        {
            "Long": 1711543852688L,
            "Slot": 22
        },
        {
            "Long": 1711374775800L,
            "Slot": 42
        },
        {
            "Long": 1711545945500L,
            "Slot": 43
        }
    ],
    "MailData": [
    ],
    "PlayerName": "GenieAuge163486",
    "QuestData": {
        "CompletedQuests": [
        ],
        "ActiveQuests": [
        ]
    },
    "UUID": "5f84c374-2aa8-4f3f-812f-64a8521364ac",
    "PlayerCompanionId": 0,
    "DialogData": [
    ]
}
