{
    "ItemGiverChained": [
    ],
    "TransportData": [
    ],
    "FactionData": [
        {
            "Points": 2000,
            "Faction": 0
        }
    ],
    "BankData": [
    ],
    "ItemGiversList": [
        {
            "Long": 1711461222688L,
            "Slot": 97
        },
        {
            "Long": 1712062238970L,
            "Slot": 73
        },
        {
            "Long": 1712322648582L,
            "Slot": 42
        },
        {
            "Long": 1711630081447L,
            "Slot": 43
        },
        {
            "Long": 1712234154178L,
            "Slot": 77
        },
        {
            "Long": 1711619374848L,
            "Slot": 50
        },
        {
            "Long": 1711630147046L,
            "Slot": 20
        },
        {
            "Long": 1712148057520L,
            "Slot": 85
        },
        {
            "Long": 1711374598652L,
            "Slot": 22
        },
        {
            "Long": 1711458405726L,
            "Slot": 23
        },
        {
            "Long": 1711461069441L,
            "Slot": 24
        },
        {
            "Long": 1712231692872L,
            "Slot": 88
        },
        {
            "Long": 1711459697972L,
            "Slot": 27
        },
        {
            "Long": 1711618588948L,
            "Slot": 59
        },
        {
            "Long": 1712147603020L,
            "Slot": 28
        },
        {
            "Long": 1711459841271L,
            "Slot": 29
        },
        {
            "Long": 1712321337392L,
            "Slot": 62
        },
        {
            "Long": 1711458650917L,
            "Slot": 31
        }
    ],
    "MailData": [
    ],
    "PlayerName": "Kloppegibts",
    "QuestData": {
        "CompletedQuests": [
        ],
        "ActiveQuests": [
        ]
    },
    "UUID": "6540393c-cb3c-4805-b684-6514fe043154",
    "PlayerCompanionId": 0,
    "DialogData": [
    ]
}
