{
    "ItemGiverChained": [
    ],
    "TransportData": [
    ],
    "FactionData": [
        {
            "Points": 2000,
            "Faction": 0
        }
    ],
    "BankData": [
    ],
    "ItemGiversList": [
        {
            "Long": 1712147454816L,
            "Slot": 32
        },
        {
            "Long": 1711547768603L,
            "Slot": 33
        },
        {
            "Long": 1712062371669L,
            "Slot": 97
        },
        {
            "Long": 1712061483967L,
            "Slot": 72
        },
        {
            "Long": 1712060872470L,
            "Slot": 73
        },
        {
            "Long": 1712322260091L,
            "Slot": 42
        },
        {
            "Long": 1711547586500L,
            "Slot": 43
        },
        {
            "Long": 1712238968726L,
            "Slot": 83
        },
        {
            "Long": 1711548348502L,
            "Slot": 52
        },
        {
            "Long": 1711548321251L,
            "Slot": 53
        },
        {
            "Long": 1711374588149L,
            "Slot": 22
        },
        {
            "Long": 1711375170150L,
            "Slot": 23
        },
        {
            "Long": 1712233571735L,
            "Slot": 24
        },
        {
            "Long": 1712148702818L,
            "Slot": 89
        },
        {
            "Long": 1712238824677L,
            "Slot": 25
        },
        {
            "Long": 1711548434002L,
            "Slot": 59
        },
        {
            "Long": 1712147549321L,
            "Slot": 31
        }
    ],
    "MailData": [
    ],
    "PlayerName": "Slin342",
    "QuestData": {
        "CompletedQuests": [
        ],
        "ActiveQuests": [
        ]
    },
    "UUID": "669caa72-16d5-4760-a6ee-5fadf1256157",
    "PlayerCompanionId": 0,
    "DialogData": [
    ]
}
