{
    "ItemGiverChained": [
    ],
    "TransportData": [
    ],
    "FactionData": [
        {
            "Points": 2000,
            "Faction": 0
        }
    ],
    "BankData": [
    ],
    "ItemGiversList": [
        {
            "Long": 1711375858794L,
            "Slot": 19
        },
        {
            "Long": 1712147252866L,
            "Slot": 23
        },
        {
            "Long": 1712148566870L,
            "Slot": 24
        },
        {
            "Long": 1711374754800L,
            "Slot": 42
        },
        {
            "Long": 1712062319726L,
            "Slot": 77
        }
    ],
    "MailData": [
    ],
    "PlayerName": "Twixers",
    "QuestData": {
        "CompletedQuests": [
        ],
        "ActiveQuests": [
        ]
    },
    "UUID": "692d2471-2bf3-4af7-a2b7-68eda30f47b2",
    "PlayerCompanionId": 0,
    "DialogData": [
    ]
}
