{
    "ItemGiverChained": [
    ],
    "TransportData": [
    ],
    "FactionData": [
        {
            "Points": 2000,
            "Faction": 0
        }
    ],
    "BankData": [
    ],
    "ItemGiversList": [
        {
            "Long": 1711456753414L,
            "Slot": 18
        },
        {
            "Long": 1711546784102L,
            "Slot": 50
        },
        {
            "Long": 1711544327739L,
            "Slot": 19
        },
        {
            "Long": 1711543922737L,
            "Slot": 20
        },
        {
            "Long": 1712147284614L,
            "Slot": 39
        },
        {
            "Long": 1711548554804L,
            "Slot": 8
        },
        {
            "Long": 1712322242090L,
            "Slot": 42
        },
        {
            "Long": 1711544405290L,
            "Slot": 27
        },
        {
            "Long": 1711630316049L,
            "Slot": 43
        },
        {
            "Long": 1711547954002L,
            "Slot": 59
        },
        {
            "Long": 1711545213753L,
            "Slot": 28
        },
        {
            "Long": 1711630779550L,
            "Slot": 44
        }
    ],
    "MailData": [
    ],
    "PlayerName": "MinecraftBot2012",
    "QuestData": {
        "CompletedQuests": [
        ],
        "ActiveQuests": [
        ]
    },
    "UUID": "6fc5a31b-2b82-4ea2-a58a-a241d4573823",
    "PlayerCompanionId": 0,
    "DialogData": [
    ]
}
