{
    "ItemGiverChained": [
    ],
    "TransportData": [
    ],
    "FactionData": [
        {
            "Points": 2000,
            "Faction": 0
        }
    ],
    "BankData": [
    ],
    "ItemGiversList": [
        {
            "Long": 1711459679267L,
            "Slot": 32
        },
        {
            "Long": 1711548057502L,
            "Slot": 97
        },
        {
            "Long": 1711544454887L,
            "Slot": 36
        },
        {
            "Long": 1711544445890L,
            "Slot": 39
        },
        {
            "Long": 1711544466892L,
            "Slot": 40
        },
        {
            "Long": 1712062803668L,
            "Slot": 42
        },
        {
            "Long": 1711548272003L,
            "Slot": 43
        },
        {
            "Long": 1712061841219L,
            "Slot": 76
        },
        {
            "Long": 1712061586218L,
            "Slot": 77
        },
        {
            "Long": 1711461185189L,
            "Slot": 19
        },
        {
            "Long": 1711462391191L,
            "Slot": 20
        },
        {
            "Long": 1711548467002L,
            "Slot": 52
        },
        {
            "Long": 1712063035020L,
            "Slot": 22
        },
        {
            "Long": 1711460332918L,
            "Slot": 23
        },
        {
            "Long": 1711373704651L,
            "Slot": 24
        },
        {
            "Long": 1711547871504L,
            "Slot": 59
        },
        {
            "Long": 1711546357356L,
            "Slot": 28
        },
        {
            "Long": 1712061932223L,
            "Slot": 60
        },
        {
            "Long": 1711546576354L,
            "Slot": 29
        },
        {
            "Long": 1712061939722L,
            "Slot": 61
        },
        {
            "Long": 1712061978722L,
            "Slot": 62
        },
        {
            "Long": 1711459688267L,
            "Slot": 31
        }
    ],
    "MailData": [
    ],
    "PlayerName": "aboylive",
    "QuestData": {
        "CompletedQuests": [
        ],
        "ActiveQuests": [
        ]
    },
    "UUID": "7b69eae2-444c-4ade-8974-4c2d0a7dc152",
    "PlayerCompanionId": 0,
    "DialogData": [
    ]
}
