{
    "ItemGiverChained": [
    ],
    "TransportData": [
    ],
    "FactionData": [
        {
            "Points": 2000,
            "Faction": 0
        }
    ],
    "BankData": [
    ],
    "ItemGiversList": [
        {
            "Long": 1711461056189L,
            "Slot": 97
        },
        {
            "Long": 1711457996765L,
            "Slot": 98
        },
        {
            "Long": 1711458063514L,
            "Slot": 99
        },
        {
            "Long": 1712322198592L,
            "Slot": 42
        },
        {
            "Long": 1712319268792L,
            "Slot": 77
        },
        {
            "Long": 1712062757718L,
            "Slot": 78
        },
        {
            "Long": 1712061927773L,
            "Slot": 81
        },
        {
            "Long": 1711546440602L,
            "Slot": 50
        },
        {
            "Long": 1712061869272L,
            "Slot": 82
        },
        {
            "Long": 1711461950187L,
            "Slot": 19
        },
        {
            "Long": 1711461792688L,
            "Slot": 20
        },
        {
            "Long": 1711547279002L,
            "Slot": 52
        },
        {
            "Long": 1712062108023L,
            "Slot": 88
        },
        {
            "Long": 1712147703516L,
            "Slot": 27
        },
        {
            "Long": 1711546224504L,
            "Slot": 59
        },
        {
            "Long": 1711374049602L,
            "Slot": 30
        },
        {
            "Long": 1711543337395L,
            "Slot": 31
        },
        {
            "Long": 1711457887413L,
            "Slot": 95
        }
    ],
    "MailData": [
    ],
    "PlayerName": "Themiaucraft",
    "QuestData": {
        "CompletedQuests": [
        ],
        "ActiveQuests": [
        ]
    },
    "UUID": "81a36a93-f8cb-42ce-921a-b21073569429",
    "PlayerCompanionId": 0,
    "DialogData": [
    ]
}
