{
    "ItemGiverChained": [
    ],
    "TransportData": [
    ],
    "FactionData": [
        {
            "Points": 2000,
            "Faction": 0
        }
    ],
    "BankData": [
    ],
    "ItemGiversList": [
        {
            "Long": 1711719298297L,
            "Slot": 24
        }
    ],
    "MailData": [
    ],
    "PlayerName": "Jago_Westwood",
    "QuestData": {
        "CompletedQuests": [
        ],
        "ActiveQuests": [
        ]
    },
    "UUID": "89a70914-22a5-44b8-af96-e0ce4b08315c",
    "PlayerCompanionId": 0,
    "DialogData": [
    ]
}
