{
    "ItemGiverChained": [
    ],
    "TransportData": [
    ],
    "FactionData": [
        {
            "Points": 2000,
            "Faction": 0
        }
    ],
    "BankData": [
    ],
    "ItemGiversList": [
        {
            "Long": 1711553222797L,
            "Slot": 97
        }
    ],
    "MailData": [
    ],
    "PlayerName": "Luis21112014",
    "QuestData": {
        "CompletedQuests": [
        ],
        "ActiveQuests": [
        ]
    },
    "UUID": "8f5326cb-16e2-4b76-9202-e6378eac44cc",
    "PlayerCompanionId": 0,
    "DialogData": [
    ]
}
