{
    "ItemGiverChained": [
    ],
    "TransportData": [
    ],
    "FactionData": [
        {
            "Points": 2000,
            "Faction": 0
        }
    ],
    "BankData": [
    ],
    "ItemGiversList": [
        {
            "Long": 1712063264268L,
            "Slot": 80
        },
        {
            "Long": 1711547244600L,
            "Slot": 50
        },
        {
            "Long": 1712148464420L,
            "Slot": 52
        },
        {
            "Long": 1711465149435L,
            "Slot": 23
        },
        {
            "Long": 1711461213439L,
            "Slot": 24
        },
        {
            "Long": 1712322387587L,
            "Slot": 42
        },
        {
            "Long": 1711548132511L,
            "Slot": 43
        },
        {
            "Long": 1711543475488L,
            "Slot": 28
        },
        {
            "Long": 1712233666683L,
            "Slot": 77
        },
        {
            "Long": 1711545453453L,
            "Slot": 30
        },
        {
            "Long": 1712064017281L,
            "Slot": 78
        }
    ],
    "MailData": [
    ],
    "PlayerName": "L12a56",
    "QuestData": {
        "CompletedQuests": [
        ],
        "ActiveQuests": [
        ]
    },
    "UUID": "9b34bac2-4bf7-4a21-a8b9-2d6bb9fae012",
    "PlayerCompanionId": 0,
    "DialogData": [
    ]
}
