{
    "ItemGiverChained": [
    ],
    "TransportData": [
    ],
    "FactionData": [
        {
            "Points": 2000,
            "Faction": 0
        }
    ],
    "BankData": [
    ],
    "ItemGiversList": [
        {
            "Long": 1712147288770L,
            "Slot": 19
        },
        {
            "Long": 1712235343533L,
            "Slot": 52
        },
        {
            "Long": 1711461359339L,
            "Slot": 8
        },
        {
            "Long": 1712147795316L,
            "Slot": 89
        },
        {
            "Long": 1711548285502L,
            "Slot": 42
        },
        {
            "Long": 1711547904502L,
            "Slot": 43
        },
        {
            "Long": 1712235715636L,
            "Slot": 59
        },
        {
            "Long": 1711374693951L,
            "Slot": 28
        },
        {
            "Long": 1711374969954L,
            "Slot": 29
        },
        {
            "Long": 1712060995216L,
            "Slot": 77
        },
        {
            "Long": 1712147371564L,
            "Slot": 78
        },
        {
            "Long": 1712234974484L,
            "Slot": 95
        }
    ],
    "MailData": [
    ],
    "PlayerName": "RichiTheKing100",
    "QuestData": {
        "CompletedQuests": [
        ],
        "ActiveQuests": [
        ]
    },
    "UUID": "a761b036-4bc6-4f69-9942-cec6a9708233",
    "PlayerCompanionId": 0,
    "DialogData": [
    ]
}
