{
    "ItemGiverChained": [
    ],
    "TransportData": [
    ],
    "FactionData": [
        {
            "Points": 2000,
            "Faction": 0
        }
    ],
    "BankData": [
    ],
    "ItemGiversList": [
        {
            "Long": 1712051679547L,
            "Slot": 42
        }
    ],
    "MailData": [
    ],
    "PlayerName": "Carbonaraclan",
    "QuestData": {
        "CompletedQuests": [
        ],
        "ActiveQuests": [
        ]
    },
    "UUID": "b0b61807-f420-4017-a152-06f482067788",
    "PlayerCompanionId": 0,
    "DialogData": [
    ]
}
