{
    "ItemGiverChained": [
    ],
    "TransportData": [
    ],
    "FactionData": [
        {
            "Points": 2000,
            "Faction": 0
        }
    ],
    "BankData": [
    ],
    "ItemGiversList": [
        {
            "Long": 1712080075918L,
            "Slot": 97
        }
    ],
    "MailData": [
    ],
    "PlayerName": "jojofri",
    "QuestData": {
        "CompletedQuests": [
        ],
        "ActiveQuests": [
        ]
    },
    "UUID": "c191df39-150f-4581-b29b-1d28ebb6aa3f",
    "PlayerCompanionId": 0,
    "DialogData": [
    ]
}
