{
    "ItemGiverChained": [
    ],
    "TransportData": [
    ],
    "FactionData": [
        {
            "Points": 2000,
            "Faction": 0
        }
    ],
    "BankData": [
    ],
    "ItemGiversList": [
        {
            "Long": 1711373841299L,
            "Slot": 96
        },
        {
            "Long": 1712147463816L,
            "Slot": 32
        },
        {
            "Long": 1711374925797L,
            "Slot": 97
        },
        {
            "Long": 1711375005150L,
            "Slot": 98
        },
        {
            "Long": 1712235956983L,
            "Slot": 42
        },
        {
            "Long": 1711545396499L,
            "Slot": 43
        },
        {
            "Long": 1712060962219L,
            "Slot": 77
        },
        {
            "Long": 1712060942718L,
            "Slot": 78
        },
        {
            "Long": 1711545693604L,
            "Slot": 50
        },
        {
            "Long": 1711804313897L,
            "Slot": 53
        },
        {
            "Long": 1712063008568L,
            "Slot": 88
        },
        {
            "Long": 1712147671365L,
            "Slot": 26
        },
        {
            "Long": 1711807790696L,
            "Slot": 30
        },
        {
            "Long": 1712063583916L,
            "Slot": 31
        }
    ],
    "MailData": [
    ],
    "PlayerName": "BigBrother0802",
    "QuestData": {
        "CompletedQuests": [
        ],
        "ActiveQuests": [
        ]
    },
    "UUID": "c6079f2f-2077-408d-9f0b-2a3a5b5680d0",
    "PlayerCompanionId": 0,
    "DialogData": [
    ]
}
