{
    "ItemGiverChained": [
    ],
    "TransportData": [
    ],
    "FactionData": [
        {
            "Points": 2000,
            "Faction": 0
        }
    ],
    "BankData": [
    ],
    "ItemGiversList": [
        {
            "Long": 1711456676914L,
            "Slot": 19
        },
        {
            "Long": 1711461284190L,
            "Slot": 20
        },
        {
            "Long": 1712148276922L,
            "Slot": 52
        },
        {
            "Long": 1712147443819L,
            "Slot": 21
        },
        {
            "Long": 1712322608086L,
            "Slot": 42
        },
        {
            "Long": 1711546655000L,
            "Slot": 43
        },
        {
            "Long": 1712148691567L,
            "Slot": 78
        }
    ],
    "MailData": [
    ],
    "PlayerName": "Ax_te_lotel",
    "QuestData": {
        "CompletedQuests": [
        ],
        "ActiveQuests": [
        ]
    },
    "UUID": "d058abff-1068-45dd-a7ab-eb49a7421626",
    "PlayerCompanionId": 0,
    "DialogData": [
    ]
}
