{
    "ItemGiverChained": [
    ],
    "TransportData": [
    ],
    "FactionData": [
        {
            "Points": 2000,
            "Faction": 0
        }
    ],
    "BankData": [
    ],
    "ItemGiversList": [
        {
            "Long": 1711823318947L,
            "Slot": 40
        },
        {
            "Long": 1711909255597L,
            "Slot": 27
        }
    ],
    "MailData": [
    ],
    "PlayerName": "MaxMantel",
    "QuestData": {
        "CompletedQuests": [
        ],
        "ActiveQuests": [
        ]
    },
    "UUID": "d18ad590-3acb-406d-8f71-4446bfea29c0",
    "PlayerCompanionId": 0,
    "DialogData": [
    ]
}
