{
    "ItemGiverChained": [
    ],
    "TransportData": [
    ],
    "FactionData": [
        {
            "Points": 2000,
            "Faction": 0
        }
    ],
    "BankData": [
    ],
    "ItemGiversList": [
        {
            "Long": 1644420378353L,
            "Slot": 55
        },
        {
            "Long": 1644420439852L,
            "Slot": 7
        },
        {
            "Long": 1644419476299L,
            "Slot": 40
        },
        {
            "Long": 1644420564399L,
            "Slot": 42
        }
    ],
    "MailData": [
    ],
    "PlayerName": "Eteren",
    "QuestData": {
        "CompletedQuests": [
        ],
        "ActiveQuests": [
        ]
    },
    "UUID": "d2e7740e-103b-4d0d-a2c1-89c75a5ba042",
    "PlayerCompanionId": 0,
    "DialogData": [
    ]
}
