{
    "ItemGiverChained": [
    ],
    "TransportData": [
    ],
    "FactionData": [
        {
            "Points": 2000,
            "Faction": 0
        }
    ],
    "BankData": [
    ],
    "ItemGiversList": [
        {
            "Long": 1711519799832L,
            "Slot": 42
        }
    ],
    "MailData": [
    ],
    "PlayerName": "MATTSINI17",
    "QuestData": {
        "CompletedQuests": [
        ],
        "ActiveQuests": [
        ]
    },
    "UUID": "da656bc9-524f-47f4-8fea-5cdaee886a57",
    "PlayerCompanionId": 0,
    "DialogData": [
    ]
}
