{
    "ItemGiverChained": [
    ],
    "TransportData": [
    ],
    "FactionData": [
        {
            "Points": 2000,
            "Faction": 0
        }
    ],
    "BankData": [
    ],
    "ItemGiversList": [
        {
            "Long": 1712243350920L,
            "Slot": 42
        },
        {
            "Long": 1712241951174L,
            "Slot": 31
        }
    ],
    "MailData": [
    ],
    "PlayerName": "Fischertyp",
    "QuestData": {
        "CompletedQuests": [
        ],
        "ActiveQuests": [
        ]
    },
    "UUID": "fe38d1be-4a60-404d-a351-4d6b799e3c3c",
    "PlayerCompanionId": 0,
    "DialogData": [
    ]
}
