{"stat.chestOpened":7,"stat.useItem.minecraft.sticky_piston":11,"stat.useItem.minecraft.quartz_block":1310,"stat.useItem.minecraft.stone":68,"stat.useItem.minecraft.quartz_stairs":69,"stat.useItem.minecraft.repeater":8,"stat.leaveGame":93,"stat.useItem.minecraft.sponge":6,"stat.killEntity.Ozelot":4,"stat.useItem.minecraft.potion":7,"stat.useItem.minecraft.stained_glass_pane":152,"stat.useItem.minecraft.glowstone":3,"stat.useItem.minecraft.packed_ice":4,"stat.useItem.minecraft.bedrock":80,"stat.jump":6479,"stat.swimOneCm":22621,"stat.useItem.minecraft.iron_trapdoor":4,"stat.fallOneCm":70891,"stat.useItem.minecraft.planks":45,"stat.climbOneCm":1571,"stat.crouchOneCm":171738,"stat.useItem.minecraft.nether_brick_fence":11,"stat.useItem.minecraft.obsidian":4,"stat.useItem.minecraft.stone_button":75,"stat.useItem.minecraft.dirt":1,"stat.useItem.minecraft.light_weighted_pressure_plate":25,"achievement.exploreAllBiomes":{"value":0,"progress":["Plains"]},"stat.useItem.minecraft.emerald_ore":13,"stat.useItem.minecraft.glass":203,"stat.useItem.minecraft.redstone_lamp":8,"stat.damageTaken":1430,"stat.useItem.minecraft.dark_oak_fence":2,"stat.useItem.minecraft.stone_brick_stairs":7,"stat.useItem.minecraft.gold_block":13,"stat.useItem.minecraft.carrot_on_a_stick":672,"stat.useItem.minecraft.brick_block":108,"stat.flyOneCm":21058927,"stat.damageDealt":570,"stat.useItem.minecraft.wool":38,"stat.timeSinceDeath":190133,"stat.useItem.minecraft.sign":186,"stat.useItem.minecraft.spawn_egg":15,"stat.useItem.minecraft.wooden_slab":15,"stat.useItem.minecraft.iron_door":7,"stat.useItem.minecraft.iron_bars":2,"stat.useItem.minecraft.command_block":444,"stat.walkOneCm":4079444,"stat.useItem.minecraft.lever":39,"stat.useItem.minecraft.log":80,"stat.useItem.minecraft.oak_stairs":43,"stat.useItem.minecraft.comparator":9,"stat.useItem.minecraft.cobblestone":4,"stat.useItem.minecraft.emerald_block":48,"stat.useItem.minecraft.redstone_block":78,"stat.useItem.minecraft.item_frame":46,"stat.useItem.minecraft.redstone":154,"stat.useItem.minecraft.sea_lantern":22,"stat.useItem.minecraft.red_sandstone":17,"stat.useItem.minecraft.stained_hardened_clay":470,"stat.sprintOneCm":2178156,"stat.useItem.minecraft.stained_glass":135,"stat.useItem.minecraft.diamond_block":50,"stat.useItem.minecraft.redstone_ore":43,"stat.useItem.minecraft.fence":8,"stat.useItem.minecraft.stone_stairs":3,"stat.useItem.minecraft.glass_pane":102,"stat.useItem.minecraft.prismarine":2,"stat.useItem.minecraft.stone_slab":19,"achievement.openInventory":950,"stat.useItem.minecraft.iron_block":12,"stat.useItem.minecraft.stone_pressure_plate":65,"stat.useItem.minecraft.wooden_pressure_plate":4,"stat.mobKills":5,"stat.useItem.minecraft.stonebrick":541,"stat.deaths":14,"stat.useItem.minecraft.cobblestone_wall":6,"stat.drop":47,"stat.playOneMinute":2184739,"stat.useItem.minecraft.banner":6,"stat.killEntity.Sheep":1,"stat.useItem.minecraft.nether_brick":81,"stat.useItem.minecraft.wooden_axe":11,"stat.diveOneCm":1541,"stat.useItem.minecraft.sandstone":56}