{"stat.chestOpened":16,"stat.useItem.minecraft.quartz_block":142,"stat.useItem.minecraft.stone":14,"stat.leaveGame":67,"stat.useItem.minecraft.bedrock":2,"stat.jump":874,"stat.swimOneCm":7828,"stat.fallOneCm":59571,"stat.useItem.minecraft.planks":48,"stat.crouchOneCm":407,"stat.useItem.minecraft.nether_brick_fence":8,"stat.useItem.minecraft.stone_button":2,"stat.useItem.minecraft.dirt":48,"achievement.exploreAllBiomes":{"value":0,"progress":["Plains"]},"stat.useItem.minecraft.emerald_ore":31,"stat.useItem.minecraft.glass":31,"stat.useItem.minecraft.redstone_lamp":1,"stat.damageTaken":1790,"stat.useItem.minecraft.stone_brick_stairs":5,"stat.useItem.minecraft.carrot_on_a_stick":6,"stat.useItem.minecraft.brick_block":39,"stat.flyOneCm":4474924,"stat.useItem.minecraft.birch_fence":18,"stat.useItem.minecraft.wool":12,"stat.timeSinceDeath":143863,"stat.useItem.minecraft.sign":17,"stat.useItem.minecraft.iron_bars":16,"stat.useItem.minecraft.command_block":1,"stat.walkOneCm":1806704,"stat.useItem.minecraft.chest":4,"stat.useItem.minecraft.log":7,"stat.useItem.minecraft.cobblestone":4,"stat.useItem.minecraft.emerald_block":1,"stat.useItem.minecraft.redstone_block":8,"stat.useItem.minecraft.item_frame":8,"stat.useItem.minecraft.redstone":2,"stat.useItem.minecraft.written_book":2,"stat.sprintOneCm":588716,"stat.useItem.minecraft.redstone_ore":31,"stat.useItem.minecraft.glass_pane":34,"stat.useItem.minecraft.stone_slab":3,"achievement.openInventory":239,"stat.useItem.minecraft.stonebrick":22,"stat.deaths":9,"stat.drop":5,"stat.useItem.minecraft.writable_book":2,"stat.playOneMinute":1439842,"stat.diveOneCm":208}