{
    "ItemGiverChained": [
    ],
    "TransportData": [
    ],
    "FactionData": [
        {
            "Points": 2000,
            "Faction": 0
        }
    ],
    "BankData": [
    ],
    "ItemGiversList": [
        {
            "Long": 1644938191686L,
            "Slot": 32
        }
    ],
    "MailData": [
    ],
    "PlayerName": "KidsLabOscar",
    "QuestData": {
        "CompletedQuests": [
        ],
        "ActiveQuests": [
        ]
    },
    "UUID": "54918092-b4b6-4a9e-8ccc-ada79e1b0bee",
    "PlayerCompanionId": 0,
    "DialogData": [
    ]
}
