{
    "ItemGiverChained": [
    ],
    "TransportData": [
    ],
    "FactionData": [
        {
            "Points": 2000,
            "Faction": 0
        }
    ],
    "BankData": [
    ],
    "ItemGiversList": [
        {
            "Long": 1641730167740L,
            "Slot": 1
        },
        {
            "Long": 1643121103861L,
            "Slot": 49
        },
        {
            "Long": 1642180666835L,
            "Slot": 18
        },
        {
            "Long": 1643121090567L,
            "Slot": 50
        },
        {
            "Long": 1643726463168L,
            "Slot": 52
        },
        {
            "Long": 1641942881491L,
            "Slot": 21
        },
        {
            "Long": 1647794947124L,
            "Slot": 54
        },
        {
            "Long": 1642115240874L,
            "Slot": 42
        },
        {
            "Long": 1643123037727L,
            "Slot": 43
        },
        {
            "Long": 1646839662893L,
            "Slot": 75
        },
        {
            "Long": 1649597107234L,
            "Slot": 44
        },
        {
            "Long": 1644233321759L,
            "Slot": 46
        }
    ],
    "MailData": [
    ],
    "PlayerName": "MatzE_",
    "QuestData": {
        "CompletedQuests": [
        ],
        "ActiveQuests": [
        ]
    },
    "UUID": "7b943811-4a8c-4c7a-9c30-8126833c5314",
    "PlayerCompanionId": 0,
    "DialogData": [
    ]
}
