{
    "ItemGiverChained": [
    ],
    "TransportData": [
    ],
    "FactionData": [
        {
            "Points": 2000,
            "Faction": 0
        }
    ],
    "BankData": [
    ],
    "ItemGiversList": [
        {
            "Long": 1642516808462L,
            "Slot": 32
        },
        {
            "Long": 1641662281601L,
            "Slot": 1
        },
        {
            "Long": 1642519119796L,
            "Slot": 19
        }
    ],
    "MailData": [
    ],
    "PlayerName": "CapSchwarzbart",
    "QuestData": {
        "CompletedQuests": [
        ],
        "ActiveQuests": [
        ]
    },
    "UUID": "b3185531-a824-468b-a419-607a8d52bc8f",
    "PlayerCompanionId": 0,
    "DialogData": [
    ]
}
