{"stat.chestOpened":2,"stat.walkOneCm":1606876,"achievement.openInventory":141,"stat.leaveGame":25,"stat.damageTaken":6290,"stat.flyOneCm":2048414,"stat.deaths":2,"stat.drop":40,"stat.jump":8766,"stat.playOneMinute":491197,"stat.fallOneCm":215429,"stat.climbOneCm":2186,"stat.craftItem.minecraft.brick_block":16,"stat.crouchOneCm":30997,"stat.enderchestOpened":164,"stat.timeSinceDeath":309870,"stat.sprintOneCm":693609,"stat.useItem.minecraft.sign":1,"achievement.exploreAllBiomes":{"value":0,"progress":["Plains"]},"stat.diveOneCm":648}