{"stat.chestOpened":15,"stat.walkOneCm":1148324,"achievement.openInventory":19,"stat.leaveGame":17,"stat.damageTaken":1553,"stat.furnaceInteraction":1,"stat.flyOneCm":53336,"stat.deaths":2,"stat.drop":2,"stat.jump":1791,"stat.playOneMinute":510023,"stat.fallOneCm":36845,"stat.climbOneCm":2698,"stat.crouchOneCm":580,"stat.enderchestOpened":1,"stat.timeSinceDeath":343760,"stat.useItem.minecraft.written_book":3,"stat.sprintOneCm":155194,"stat.useItem.minecraft.sign":4,"achievement.exploreAllBiomes":{"value":0,"progress":["Plains"]},"stat.craftingTableInteraction":1}