{"stat.chestOpened":10,"stat.walkOneCm":946954,"stat.leaveGame":21,"stat.mineBlock.minecraft.sandstone":10,"stat.jump":4037,"stat.swimOneCm":280,"stat.fallOneCm":93916,"stat.climbOneCm":10362,"stat.crouchOneCm":38052,"stat.enderchestOpened":6,"stat.useItem.minecraft.written_book":3,"stat.sprintOneCm":372926,"achievement.exploreAllBiomes":{"value":0,"progress":["Plains"]},"achievement.openInventory":74,"stat.damageTaken":5390,"stat.useItem.minecraft.diamond_pickaxe":14,"stat.flyOneCm":803080,"stat.deaths":10,"stat.drop":58,"stat.playOneMinute":332707,"stat.mineBlock.minecraft.stone_pressure_plate":1,"stat.timeSinceDeath":16336,"stat.useItem.minecraft.sign":4}