{"stat.chestOpened":31,"stat.walkOneCm":1107527,"achievement.openInventory":128,"stat.leaveGame":9,"stat.damageTaken":3881,"stat.furnaceInteraction":3,"stat.useItem.minecraft.diamond_pickaxe":2,"stat.mineBlock.minecraft.sandstone":1,"stat.flyOneCm":1550449,"stat.deaths":4,"stat.drop":38,"stat.jump":6574,"stat.swimOneCm":1276,"stat.playOneMinute":337102,"stat.fallOneCm":150385,"stat.climbOneCm":2063,"stat.mineBlock.minecraft.stone_pressure_plate":1,"stat.crouchOneCm":14690,"stat.enderchestOpened":3,"stat.timeSinceDeath":240126,"stat.useItem.minecraft.written_book":3,"stat.sprintOneCm":691563,"stat.useItem.minecraft.sign":1,"achievement.exploreAllBiomes":{"value":0,"progress":["Plains"]}}