{"stat.chestOpened":24,"stat.walkOneCm":1283821,"achievement.openInventory":115,"stat.leaveGame":12,"stat.damageTaken":2346,"stat.flyOneCm":218915,"stat.deaths":3,"stat.jump":1744,"stat.swimOneCm":84,"stat.playOneMinute":324526,"stat.fallOneCm":61189,"stat.climbOneCm":1859,"stat.crouchOneCm":3450,"stat.enderchestOpened":10,"stat.timeSinceDeath":57556,"achievement.mineWood":1,"stat.sprintOneCm":852661,"stat.useItem.minecraft.sign":2,"achievement.exploreAllBiomes":{"value":0,"progress":["Plains"]},"stat.diveOneCm":349,"stat.craftingTableInteraction":1}