{"stat.chestOpened":59,"stat.walkOneCm":1592466,"stat.leaveGame":18,"stat.furnaceInteraction":1,"stat.jump":5180,"stat.swimOneCm":1057,"stat.fallOneCm":144300,"stat.climbOneCm":12350,"stat.craftItem.minecraft.brick_block":48,"stat.crouchOneCm":10637,"stat.enderchestOpened":29,"stat.useItem.minecraft.written_book":3,"stat.sprintOneCm":880714,"achievement.exploreAllBiomes":{"value":0,"progress":["Plains"]},"achievement.openInventory":58,"stat.damageTaken":5362,"stat.flyOneCm":800672,"stat.deaths":6,"stat.drop":89,"stat.playOneMinute":256559,"stat.timeSinceDeath":29342,"stat.useItem.minecraft.sign":3,"stat.diveOneCm":228}