{"stat.chestOpened":21,"stat.walkOneCm":1895597,"achievement.openInventory":156,"stat.leaveGame":19,"stat.damageTaken":3898,"stat.flyOneCm":923832,"stat.deaths":4,"stat.drop":139,"stat.jump":4703,"stat.swimOneCm":779,"stat.playOneMinute":401782,"stat.fallOneCm":101069,"stat.climbOneCm":15808,"stat.craftItem.minecraft.brick_block":16,"stat.crouchOneCm":4537,"stat.enderchestOpened":16,"stat.timeSinceDeath":34572,"stat.useItem.minecraft.written_book":2,"stat.sprintOneCm":1022136,"stat.useItem.minecraft.sign":6,"achievement.exploreAllBiomes":{"value":0,"progress":["Plains"]}}