{"stat.chestOpened":23,"stat.walkOneCm":1356228,"achievement.openInventory":109,"stat.leaveGame":7,"stat.damageTaken":1803,"stat.useItem.minecraft.diamond_pickaxe":1,"stat.mineBlock.minecraft.sandstone":1,"stat.flyOneCm":4552,"stat.deaths":1,"stat.drop":85,"stat.jump":929,"stat.swimOneCm":251,"stat.playOneMinute":419406,"stat.fallOneCm":28726,"stat.climbOneCm":3830,"stat.enderchestOpened":4,"stat.timeSinceDeath":124327,"stat.sprintOneCm":25833,"stat.useItem.minecraft.sign":5,"achievement.exploreAllBiomes":{"value":0,"progress":["Plains"]}}