{"stat.chestOpened":52,"stat.useItem.minecraft.sticky_piston":1,"stat.useItem.minecraft.quartz_block":171,"stat.useItem.minecraft.stone":254,"stat.leaveGame":138,"stat.useItem.minecraft.ender_chest":1,"stat.mineBlock.minecraft.sandstone":42,"stat.useItem.minecraft.bedrock":42,"stat.jump":1917,"stat.swimOneCm":9951,"stat.useItem.minecraft.sand":12,"stat.fallOneCm":79968,"stat.useItem.minecraft.planks":106,"stat.climbOneCm":14933,"stat.useItem.minecraft.piston":3,"stat.crouchOneCm":690,"stat.enderchestOpened":3,"stat.useItem.minecraft.nether_brick_fence":19,"stat.useItem.minecraft.stone_button":6,"stat.useItem.minecraft.dirt":71,"achievement.exploreAllBiomes":{"value":0,"progress":["Plains"]},"stat.useItem.minecraft.emerald_ore":31,"stat.useItem.minecraft.glass":81,"stat.useItem.minecraft.redstone_lamp":1,"stat.damageTaken":2271,"stat.useItem.minecraft.iron_ore":10,"stat.useItem.minecraft.stone_brick_stairs":5,"stat.useItem.minecraft.gold_block":42,"stat.useItem.minecraft.carrot_on_a_stick":6,"stat.noteblockTuned":38,"stat.mineBlock.minecraft.noteblock":4,"stat.useItem.minecraft.brick_block":75,"stat.flyOneCm":10763357,"stat.useItem.minecraft.birch_fence":18,"stat.useItem.minecraft.wool":12,"stat.timeSinceDeath":250724,"stat.useItem.minecraft.sign":27,"stat.useItem.minecraft.iron_bars":16,"stat.useItem.minecraft.command_block":1,"stat.useItem.minecraft.noteblock":38,"stat.walkOneCm":3039082,"stat.useItem.minecraft.chest":5,"stat.useItem.minecraft.log":7,"stat.useItem.minecraft.cobblestone":4,"stat.useItem.minecraft.emerald_block":5,"stat.useItem.minecraft.gold_ore":5,"stat.noteblockPlayed":6,"stat.useItem.minecraft.redstone_block":8,"stat.useItem.minecraft.item_frame":11,"stat.useItem.minecraft.redstone":63,"stat.useItem.minecraft.written_book":2,"stat.sprintOneCm":925849,"stat.useItem.minecraft.redstone_ore":47,"stat.useItem.minecraft.fence":14,"stat.useItem.minecraft.glass_pane":34,"stat.useItem.minecraft.stone_slab":5,"achievement.openInventory":486,"stat.useItem.minecraft.iron_block":61,"stat.useItem.minecraft.stone_pressure_plate":5,"stat.useItem.minecraft.diamond_pickaxe":71,"stat.useItem.minecraft.stonebrick":67,"stat.deaths":10,"stat.drop":64,"stat.useItem.minecraft.writable_book":2,"stat.playOneMinute":3652274,"stat.mineBlock.minecraft.stone_pressure_plate":1,"stat.useItem.minecraft.ladder":14,"stat.diveOneCm":208,"stat.useItem.minecraft.sandstone":2}