{"stat.chestOpened":18,"stat.walkOneCm":1441529,"achievement.openInventory":42,"stat.leaveGame":15,"stat.damageTaken":3930,"stat.flyOneCm":555262,"stat.deaths":8,"stat.drop":4,"stat.jump":2758,"stat.playOneMinute":276701,"stat.fallOneCm":61838,"stat.climbOneCm":2358,"stat.crouchOneCm":994,"stat.enderchestOpened":9,"stat.timeSinceDeath":161721,"stat.useItem.minecraft.written_book":2,"stat.sprintOneCm":631312,"stat.useItem.minecraft.sign":3,"achievement.exploreAllBiomes":{"value":0,"progress":["Plains"]}}