{"stat.chestOpened":20,"stat.walkOneCm":1991087,"achievement.openInventory":93,"stat.leaveGame":45,"stat.damageTaken":1990,"stat.furnaceInteraction":2,"stat.flyOneCm":219157,"stat.deaths":3,"stat.drop":59,"stat.jump":1947,"stat.swimOneCm":99,"stat.playOneMinute":393001,"stat.fallOneCm":28512,"stat.climbOneCm":11228,"stat.craftItem.minecraft.brick_block":16,"stat.crouchOneCm":103,"stat.enderchestOpened":10,"stat.timeSinceDeath":14500,"stat.useItem.minecraft.written_book":2,"stat.sprintOneCm":853066,"stat.useItem.minecraft.sign":13,"achievement.exploreAllBiomes":{"value":0,"progress":["Plains"]}}